Age,Experience,Income,ZIP Code,Family,CCAvg,Education,Mortgage,Personal Loan,Securities Account,CD Account,CreditCard,Online
24,18,83,91335,2,1/50,3,0,0,0,0,0,0
41,30,59,95020,2,1/00,1,0,0,0,0,0,1
48,37,131,95020,4,1/50,1,0,0,0,0,0,1
65,29,109,93407,3,2/10,1,0,0,0,0,1,1
58,25,130,94706,3,2/90,1,94,0,0,0,1,0
58,14,31,95616,2,1/10,1,0,0,0,0,0,0
54,33,115,95616,4,3/20,1,0,0,0,0,0,1
39,22,65,94545,3,1/50,3,176,1,0,1,1,1
27,20,129,95136,2,0/50,1,0,0,0,0,0,1
36,3,88,90029,1,0/60,3,0,0,0,0,0,0
38,28,72,92694,2,1/50,2,0,0,0,1,1,1
25,8,58,94960,1,2/90,3,109,1,0,0,0,0
59,-1,39,94720,4,2/10,3,147,0,0,0,0,0
64,28,123,90601,2,1/30,1,0,0,0,0,0,0
58,4,79,92122,4,3/20,2,0,0,0,0,0,1
60,30,64,94305,3,1/90,1,0,0,0,0,1,1
52,16,141,90745,3,1/50,3,123,0,0,0,1,1
39,29,84,95014,3,1/00,1,0,1,1,0,0,0
25,32,99,92173,2,1/50,1,0,0,0,0,1,1
35,32,35,90601,3,2/40,1,109,0,0,0,0,1
61,29,119,95842,3,4/00,1,0,0,0,0,0,1
45,18,189,94080,3,1/00,1,0,0,0,0,0,1
51,41,55,94110,2,1/50,2,0,0,0,0,1,0
53,16,180,93561,2,1/00,2,0,0,0,0,0,1
54,22,20,94704,4,8/50,1,193,0,0,0,0,1
59,13,134,92173,4,1/10,2,0,0,0,0,0,1
47,-2,41,92694,1,2/33,2,0,0,0,0,0,1
29,19,110,95621,4,0/50,1,0,0,0,0,1,0
54,9,24,95020,3,1/00,3,0,0,0,0,0,1
23,12,134,91304,3,1/50,2,0,0,0,0,0,0
55,33,134,94928,4,1/50,2,0,1,0,0,0,1
36,23,114,92374,2,1/50,3,84,0,0,0,1,1
48,33,128,92780,3,1/10,3,0,0,0,0,1,0
52,35,134,92007,3,0/50,1,0,0,0,0,0,1
58,5,79,90405,4,1/50,3,0,0,0,0,0,0
55,8,70,92630,4,2/10,3,90,0,0,0,0,1
49,38,59,94590,3,1/00,3,0,0,0,0,1,1
30,21,134,92694,2,1/90,1,0,0,1,0,0,1
37,35,21,93117,1,0/50,2,0,0,0,0,0,0
43,37,52,92606,3,2/40,1,79,1,0,0,0,1
66,19,185,92691,1,2/80,3,0,0,0,0,0,1
35,10,12,91330,3,0/10,3,296,0,0,0,1,1
62,30,74,93023,3,1/10,3,0,0,0,0,1,0
24,27,65,94043,4,0/50,3,84,1,0,0,1,1
36,37,122,95133,3,1/00,1,0,0,0,0,1,0
34,8,59,96003,1,0/50,3,0,0,0,0,0,0
28,1,59,94704,3,1/00,1,0,0,0,0,0,0
31,18,105,94583,4,2/10,2,0,0,0,0,1,1
56,30,98,95747,2,1/30,1,0,0,0,0,1,0
43,30,10,91423,3,1/00,3,0,0,0,0,1,0
31,2,20,94304,3,1/50,3,0,1,0,0,1,0
48,29,140,92612,1,1/50,3,0,0,0,0,0,0
42,31,20,94143,4,1/10,2,111,0,0,0,0,1
41,13,101,92009,1,2/75,1,263,0,0,0,0,1
51,6,74,92115,2,2/10,1,0,0,0,0,0,0
59,20,164,91604,3,0/80,3,86,0,0,1,0,1
23,40,105,95616,1,2/10,1,0,0,0,0,1,0
25,23,178,92646,4,1/50,1,0,1,0,0,0,1
37,19,38,95818,1,0/50,1,276,0,0,0,0,0
51,30,131,95037,3,1/00,1,0,0,0,0,0,1
23,29,25,92780,4,1/90,3,0,0,0,0,0,0
57,29,180,95008,4,0/50,3,196,0,0,0,0,1
33,-1,41,91768,3,1/10,3,0,0,0,1,1,1
29,22,95,95020,3,1/50,3,0,0,0,1,1,1
41,38,113,95134,3,0/40,2,0,1,0,0,1,1
52,8,134,92064,4,0/50,2,0,0,0,0,0,1
44,5,134,92646,4,0/60,3,138,0,0,0,0,0
44,20,91,90066,3,0/50,2,0,0,0,0,1,1
32,5,105,94539,4,0/50,2,0,0,0,0,0,1
35,29,173,90095,2,1/30,3,196,0,0,0,0,1
43,30,90,95136,3,0/50,1,0,0,0,0,1,0
53,33,24,96145,4,1/10,1,0,0,0,0,0,1
35,35,31,94960,1,1/50,1,0,0,0,0,0,1
43,3,93,95037,2,0/10,1,76,0,0,0,1,0
57,26,45,94305,2,1/20,3,0,0,0,0,0,0
40,14,92,90036,3,1/00,3,196,0,0,0,0,1
51,18,129,95616,1,0/50,2,0,0,0,0,0,0
60,14,93,95035,2,7/90,1,0,0,0,0,0,1
51,30,125,94539,4,1/50,2,344,0,0,0,1,0
52,30,131,94112,1,3/20,1,0,0,0,0,0,0
23,26,199,95135,1,1/30,1,216,1,0,0,1,0
45,27,190,93561,4,4/00,1,0,0,0,0,1,1
33,36,69,95616,2,1/50,2,0,0,0,0,1,1
54,32,78,95064,3,1/50,3,0,0,0,0,0,1
23,30,31,91380,3,0/50,2,0,0,0,0,1,1
34,24,53,93023,4,2/40,1,0,0,0,0,0,1
43,29,101,94960,1,2/90,3,0,0,0,0,0,1
58,-2,31,94801,4,1/30,1,0,0,0,0,0,0
43,14,25,91006,1,2/40,3,144,0,0,0,0,1
29,30,89,95020,4,1/10,2,0,0,0,0,0,1
25,37,22,94035,4,0/50,1,0,0,0,0,0,0
45,19,194,94024,2,1/30,3,100,0,0,0,0,1
57,34,33,91360,2,1/00,2,0,0,0,0,0,0
58,13,174,93943,2,1/00,2,0,0,0,0,0,0
57,19,13,95833,3,1/50,2,0,1,0,0,1,1
42,13,130,94109,3,5/20,2,0,1,0,0,1,1
40,39,89,92672,2,1/90,2,0,0,0,0,1,0
62,7,104,95818,1,0/10,3,311,0,0,0,0,0
26,17,22,92152,2,1/50,1,119,0,0,0,0,0
48,26,71,92399,2,1/30,3,0,0,0,0,0,0
25,14,134,94920,4,3/20,1,0,0,0,0,0,1
43,18,99,93014,2,2/10,1,0,0,0,0,0,1
47,40,70,92121,4,1/30,1,0,0,0,0,0,0
43,26,43,95422,3,1/50,2,0,0,0,0,1,0
51,29,42,92694,1,1/50,1,0,0,0,0,0,0
43,9,174,91109,1,1/10,2,0,0,0,0,0,0
60,3,64,90640,3,1/50,3,129,0,0,0,1,1
34,22,121,90024,4,2/40,1,78,1,0,0,0,1
40,27,18,92220,4,5/20,2,0,0,0,0,1,0
26,33,59,94583,1,2/33,3,0,0,0,0,0,1
57,42,74,91311,4,1/50,3,617,0,0,0,0,0
28,5,18,91765,3,2/10,1,151,0,0,0,1,0
56,33,131,90245,3,1/30,1,0,0,0,0,0,0
34,36,24,93106,1,0/10,3,110,0,0,0,0,1
56,0,164,94024,4,3/20,1,0,0,0,1,1,1
65,19,14,95037,2,1/00,1,0,0,0,0,0,0
53,19,104,95482,3,1/50,1,0,0,0,0,0,0
58,8,131,96145,4,1/50,3,0,0,0,0,0,1
57,22,164,95812,3,1/90,1,0,1,0,0,1,0
65,33,94,92694,3,1/50,3,0,0,1,0,0,1
35,19,105,95825,3,1/00,1,0,0,0,0,0,1
61,5,54,96064,2,2/40,3,0,0,0,0,0,0
43,33,164,90089,2,5/00,3,0,0,0,0,1,0
54,18,64,92110,4,1/90,2,204,0,0,0,0,1
53,-1,41,94803,2,2/10,2,0,0,0,0,0,0
34,26,134,92122,2,1/50,1,0,0,0,0,0,1
35,5,85,95037,2,1/50,3,118,0,0,1,1,1
67,16,135,92694,4,0/60,3,0,0,0,0,0,1
62,12,59,94709,4,1/90,1,100,1,0,0,0,1
27,19,105,95014,3,0/50,1,0,0,0,0,1,1
36,25,145,92694,1,0/50,2,0,0,0,0,0,0
50,20,64,90025,4,1/50,1,0,0,0,0,0,0
34,29,75,96145,3,1/50,1,0,0,0,0,0,0
44,30,59,94305,4,1/10,2,0,0,0,0,1,0
66,19,174,92691,1,3/20,3,0,0,0,0,0,1
46,13,70,93106,4,1/30,3,0,0,0,1,1,1
58,8,62,93711,4,1/00,3,0,0,0,0,1,1
35,13,39,92110,3,0/60,2,0,0,0,0,0,0
44,14,71,94998,3,1/00,1,128,0,0,0,1,1
39,23,132,92130,4,0/10,1,95,1,0,0,1,1
58,34,101,92399,1,2/10,3,116,0,0,0,0,1
26,32,123,94583,4,0/10,2,0,0,0,0,0,1
30,24,31,90066,4,1/50,3,110,0,0,0,0,1
45,18,53,92173,4,1/30,1,0,1,0,0,0,1
42,24,154,94709,4,2/40,3,415,1,1,1,0,1
52,14,134,90064,4,0/50,1,0,0,0,0,0,1
44,24,131,92694,1,1/90,1,0,0,0,0,0,1
31,28,74,95616,4,2/33,1,0,0,0,0,0,1
50,34,180,94143,2,1/90,1,196,0,0,0,0,0
53,16,134,95020,2,0/50,2,0,0,0,0,0,0
33,14,180,90018,2,1/50,1,0,0,0,0,1,0
58,28,63,93022,4,0/50,3,0,0,0,0,0,1
43,37,123,96003,1,1/30,1,76,0,0,0,1,1
42,32,33,92717,3,1/10,2,0,0,0,0,1,1
25,-3,73,95037,1,2/90,3,144,0,0,0,1,1
62,23,68,92028,2,1/10,3,0,0,0,0,1,0
65,28,155,90405,1,5/20,3,0,0,0,0,0,0
24,19,134,92694,2,1/30,2,106,0,0,0,0,1
34,13,132,90066,4,1/90,1,0,1,0,0,1,1
32,40,93,94302,4,1/90,3,196,0,0,0,1,1
57,9,119,95135,1,0/50,1,112,1,0,0,0,1
51,28,128,92354,4,1/90,1,0,0,0,0,0,0
46,13,75,90058,4,2/90,3,218,1,0,0,0,0
34,24,18,95037,2,2/33,1,0,0,0,0,0,0
43,35,31,95035,1,0/50,3,259,1,0,0,0,1
25,20,22,95037,1,1/90,3,0,0,0,0,1,1
46,30,52,94583,3,1/00,3,500,0,0,0,0,1
31,19,24,95821,4,1/90,2,76,0,0,0,0,1
59,8,59,93023,4,2/33,2,0,1,0,0,1,0
62,34,105,95134,2,2/10,1,0,0,0,0,0,0
29,41,61,94606,4,0/10,3,483,1,0,0,0,1
25,24,185,94122,3,1/00,1,134,0,0,0,0,1
65,9,99,91304,3,3/20,3,0,0,0,0,0,0
43,13,152,92192,2,1/00,3,0,0,0,0,1,0
31,19,189,91902,2,0/50,1,0,0,0,0,0,0
57,19,22,95037,1,2/90,1,0,0,0,0,0,1
64,14,185,92694,1,1/30,3,89,0,0,0,0,1
54,17,119,94104,1,1/10,3,0,0,0,0,0,1
41,27,113,92192,2,1/00,3,0,0,0,0,0,0
27,19,40,96003,4,1/90,1,0,0,0,0,0,0
25,5,119,92507,4,2/10,3,79,0,0,0,0,1
41,34,105,92192,4,2/10,3,84,0,0,0,0,1
29,19,113,95616,1,1/10,2,0,0,0,0,0,0
48,41,31,92694,1,4/00,1,0,0,0,0,0,0
30,13,31,94618,1,0/50,3,345,0,0,0,0,1
48,1,15,92691,3,0/80,3,322,0,0,1,1,1
36,20,10,95037,1,1/50,2,0,0,1,0,0,1
67,25,65,90025,3,1/60,3,0,1,1,1,1,1
57,31,132,92407,4,2/70,1,0,0,0,0,0,0
29,19,33,90245,2,0/67,1,0,0,0,0,0,1
57,16,22,95037,1,1/50,2,0,0,0,0,0,0
65,17,61,90089,4,0/50,1,0,1,0,0,0,0
46,6,31,93106,4,0/50,1,0,1,0,0,0,1
30,5,138,94010,4,1/90,1,0,0,0,0,0,1
55,9,18,95758,4,1/10,3,0,1,0,0,0,1
32,35,115,95616,4,2/10,3,122,0,0,0,1,1
35,13,24,96003,4,1/90,3,0,0,0,0,0,0
41,16,59,93023,2,1/50,1,0,0,0,0,0,1
66,14,84,94010,4,1/30,1,160,0,0,1,1,1
59,34,42,94591,3,0/50,1,0,0,0,0,1,0
25,19,59,94061,3,2/10,2,0,0,0,0,0,1
55,19,72,94305,2,1/90,3,0,0,0,0,0,0
43,28,75,96145,2,2/10,1,0,0,0,0,0,1
24,-3,9,91302,2,2/00,2,0,0,0,0,0,0
31,22,180,94928,4,2/10,1,186,1,0,0,1,1
41,14,69,94960,4,6/90,2,0,0,0,0,0,0
39,14,123,94114,2,0/50,1,0,0,0,0,0,0
31,26,125,91942,2,1/30,1,264,0,0,0,1,0
46,20,53,92399,4,0/60,3,0,1,0,0,0,1
51,8,48,95112,4,2/10,3,397,0,0,0,1,1
67,14,72,94132,2,1/90,3,352,0,0,0,0,0
52,30,59,96145,4,1/50,1,0,0,0,0,0,1
33,14,189,95037,1,3/30,3,0,0,0,0,0,0
61,30,38,94583,1,0/50,1,106,0,0,0,0,0
57,3,125,92647,2,1/30,3,277,0,0,0,0,0
41,27,19,96145,4,2/40,3,0,1,0,0,0,1
36,29,59,94704,3,1/00,3,0,0,0,0,0,1
26,30,131,92694,1,2/10,1,0,0,0,0,0,0
46,9,59,95037,2,2/10,3,0,0,0,0,1,1
52,35,119,92120,1,1/50,1,0,0,0,0,0,1
35,29,134,90034,1,3/20,1,0,0,0,0,0,1
53,28,105,96001,3,0/50,2,0,0,0,0,0,0
23,3,134,91604,3,1/00,3,455,0,0,0,1,0
64,23,93,90503,1,0/50,1,0,0,0,0,0,0
62,18,103,92694,2,0/10,2,0,0,0,0,0,0
64,15,145,92096,3,1/00,3,0,0,0,0,0,1
35,8,189,94010,2,0/50,2,267,0,0,0,0,0
32,34,200,92672,4,4/00,1,0,0,0,0,1,1
31,33,111,92831,1,1/90,3,87,1,1,0,0,1
46,27,69,94002,4,2/33,2,0,0,0,0,0,0
39,12,24,92630,2,1/30,1,0,1,0,0,0,0
30,11,53,90740,4,0/50,3,0,1,0,0,0,0
36,30,9,94539,4,2/90,3,0,0,0,0,0,0
58,23,54,92691,4,2/33,1,0,0,0,0,0,0
39,27,62,92694,1,0/10,1,0,0,0,0,0,0
28,14,111,94998,3,1/50,3,0,1,0,1,1,1
29,29,111,91355,2,2/33,3,0,0,0,0,0,0
24,33,180,90033,3,1/50,1,0,0,0,0,1,0
35,37,88,92103,4,1/90,3,0,1,0,0,1,1
35,34,138,94539,1,0/50,3,0,0,0,0,0,0
52,27,218,91006,2,2/10,3,100,0,0,0,0,1
41,22,71,90064,4,2/10,3,325,0,0,0,1,0
60,22,154,91741,4,1/10,3,158,0,0,0,0,1
34,28,95,95616,3,1/00,3,0,0,0,0,0,0
40,28,128,92399,2,1/90,3,0,0,0,0,1,1
52,33,134,94555,2,4/30,3,0,0,0,0,1,0
33,5,154,92399,4,2/10,1,0,0,0,0,0,0
30,19,59,90601,2,0/60,2,0,0,0,0,1,1
53,4,48,92691,4,2/90,1,137,0,0,0,0,0
66,33,75,91741,1,1/30,1,186,1,0,0,0,1
50,23,59,94305,2,0/50,2,0,0,0,0,0,1
65,20,84,90058,1,1/90,3,0,0,0,0,0,1
30,14,31,91360,1,1/10,3,378,0,0,0,0,1
66,17,122,92694,2,2/80,1,0,0,0,0,0,1
44,27,155,90275,3,1/00,3,0,0,0,0,0,1
43,18,34,92694,2,1/50,2,184,0,0,0,0,1
38,26,134,95135,1,1/50,3,394,0,0,0,0,1
25,19,19,94080,1,0/50,2,0,0,0,0,0,0
43,24,130,92694,1,1/50,1,0,0,0,0,0,1
56,33,60,92507,4,0/50,1,151,0,0,0,0,1
50,30,121,94542,1,1/50,3,149,0,0,0,0,0
55,19,53,90089,4,0/80,1,0,1,0,0,0,0
24,9,43,92697,2,1/00,3,0,0,0,0,0,0
35,29,98,95037,1,3/20,3,0,0,0,0,1,1
38,16,108,92780,1,1/30,1,78,0,0,0,0,1
58,37,44,92407,4,2/90,3,0,0,0,0,0,0
53,34,65,92694,4,2/60,1,0,0,0,0,0,1
24,30,134,94583,2,0/10,2,0,0,0,0,1,0
44,2,113,95037,1,1/50,1,0,0,0,0,0,0
47,19,25,91380,4,1/30,1,0,0,0,0,1,0
35,14,59,94709,4,2/40,1,0,1,0,0,0,1
34,27,31,96145,1,0/50,3,144,0,0,0,0,0
52,4,69,91107,4,0/50,2,0,0,0,0,0,0
66,30,28,95112,4,2/33,1,0,0,0,0,0,1
58,32,180,94704,4,1/50,1,0,0,0,0,0,1
53,30,180,95818,3,1/00,1,113,0,0,0,0,0
55,8,82,92173,4,1/30,1,221,1,0,0,0,1
35,19,22,95126,2,0/50,1,0,1,0,0,0,0
41,39,154,94010,3,2/90,1,0,0,0,0,0,0
54,42,18,95818,2,1/33,3,0,0,0,0,1,0
48,8,13,95818,3,1/00,3,0,0,0,0,1,0
41,5,134,91355,2,2/10,2,0,0,0,0,0,0
34,19,180,95008,4,1/10,1,97,0,0,0,0,1
54,5,119,90058,4,0/10,2,0,0,0,0,0,1
31,34,19,92115,4,1/50,1,121,0,0,0,0,0
49,19,171,92521,3,1/00,3,0,0,0,0,0,1
64,30,174,90630,4,0/50,1,0,0,0,0,0,0
29,17,119,96003,1,0/50,2,0,0,0,0,0,1
57,32,109,90024,4,1/30,1,0,1,0,0,0,1
43,41,44,95814,4,1/90,1,0,0,0,0,0,1
33,26,25,90028,3,1/00,1,166,0,0,0,0,1
41,4,69,91706,3,1/70,3,0,0,0,1,1,1
57,25,131,95616,2,1/00,1,0,0,0,0,0,0
60,26,121,92694,1,5/20,1,114,1,0,0,0,1
38,14,88,91107,4,0/60,2,0,0,0,0,0,1
64,12,53,94112,1,0/50,1,394,1,0,0,0,1
44,33,31,93108,1,1/67,3,0,0,0,0,0,0
45,8,31,92694,1,2/10,2,582,0,0,0,0,1
37,3,92,92691,2,1/00,1,0,0,0,0,1,0
63,14,155,91741,1,2/10,3,0,0,0,0,0,0
58,9,119,91320,4,2/10,2,0,0,0,0,0,1
55,5,108,91604,4,0/50,2,0,0,0,1,1,0
23,18,134,95037,1,1/50,3,359,0,1,0,0,1
31,23,105,96064,1,1/90,1,263,0,0,0,0,0
38,42,28,92123,4,7/50,1,184,0,0,0,1,1
41,3,20,94704,4,2/40,1,0,0,0,0,0,0
67,25,34,92694,1,1/00,1,0,0,0,0,0,1
43,17,105,94305,2,1/10,3,0,0,0,0,0,0
39,25,92,94305,4,2/90,2,0,0,0,0,0,0
44,4,105,94583,4,2/10,2,0,0,0,0,0,0
40,3,89,92115,2,2/40,2,0,1,0,0,0,0
43,9,125,92694,1,0/50,2,0,0,0,0,0,1
42,20,24,95449,2,4/20,1,0,0,0,0,0,1
47,14,31,95136,3,1/00,3,0,0,0,0,1,0
55,17,18,90275,4,2/10,3,0,0,0,0,0,0
26,10,93,95020,1,1/30,3,0,0,0,1,1,1
58,34,79,94545,2,1/90,3,0,0,0,0,1,1
25,34,31,95521,2,2/40,3,0,0,0,0,0,0
58,37,58,95747,1,1/50,3,0,0,0,0,0,1
60,15,134,91006,4,2/10,1,0,0,0,0,0,0
35,17,65,95370,4,2/90,3,481,0,0,0,0,1
43,34,34,92691,1,3/20,1,0,0,0,0,0,1
53,22,131,92691,3,1/50,2,0,0,0,0,0,0
54,25,21,95135,1,5/20,3,0,0,0,0,0,0
35,26,204,95136,3,1/00,3,124,0,0,0,1,0
30,29,131,94618,1,1/90,1,0,0,0,0,0,0
57,14,145,92806,4,0/50,3,214,0,0,0,0,0
51,-2,52,93010,3,1/00,3,0,0,0,0,0,0
37,16,70,95037,1,8/00,2,0,0,0,0,0,1
37,32,105,92110,2,1/30,3,241,0,0,0,0,1
51,27,105,94085,3,1/30,2,0,1,0,0,1,0
24,23,119,92694,2,1/30,1,0,0,0,0,0,1
51,13,69,92867,3,1/30,2,0,0,0,0,0,0
53,27,13,91355,1,0/10,3,0,1,0,0,0,1
43,30,31,96064,4,0/50,3,0,1,0,0,0,1
47,37,119,96003,2,1/30,1,105,0,0,0,0,0
53,24,12,95039,3,1/00,1,222,0,0,0,1,0
34,17,104,95053,3,1/00,3,153,0,0,0,1,1
34,29,31,95020,3,1/90,1,0,0,0,0,1,0
30,32,128,92192,4,0/50,3,98,0,0,0,1,0
27,30,34,91107,1,0/50,1,0,0,0,0,0,0
46,19,139,90503,2,1/90,3,397,0,0,0,1,0
39,34,205,91109,1,0/50,3,0,0,0,0,1,1
58,26,31,91006,3,0/60,1,185,0,0,0,1,0
58,34,135,95037,3,0/50,1,0,0,0,0,1,1
27,4,34,95135,1,1/30,1,0,0,0,0,0,1
30,21,48,95134,3,0/50,1,0,0,0,0,0,0
44,31,132,90037,1,2/10,1,247,0,0,0,0,0
31,5,168,92780,4,2/10,3,0,0,0,0,0,1
23,12,42,90740,1,1/50,3,164,0,0,0,0,1
33,37,92,95135,1,1/90,3,0,0,0,0,0,1
67,20,155,93023,2,1/30,3,0,0,0,0,0,1
25,14,59,96003,4,1/90,1,0,0,0,0,0,0
56,8,104,93106,4,2/10,1,180,0,0,0,0,1
45,37,34,95812,1,1/30,1,0,0,0,0,0,0
53,9,129,94305,4,1/10,2,0,0,0,0,1,1
45,19,38,94112,2,1/50,1,0,1,0,0,1,1
49,10,100,90245,4,2/10,1,125,1,0,0,0,1
52,19,65,94109,2,1/30,3,109,0,0,0,1,0
59,9,24,91006,2,1/30,3,0,0,0,0,0,0
53,9,9,92691,2,1/00,1,0,0,0,0,0,0
23,23,199,94555,1,1/30,3,0,0,0,0,0,1
66,29,134,95037,3,1/00,3,0,0,0,0,0,1
52,26,31,92101,2,1/90,3,0,0,0,0,0,0
54,31,189,90066,3,1/30,3,109,0,0,0,1,0
34,29,134,95020,4,1/50,1,0,0,0,0,0,1
41,30,93,94110,4,2/33,2,0,0,0,0,0,1
33,32,105,96064,3,1/00,3,0,0,0,0,0,1
53,17,103,95037,2,1/00,3,84,0,0,0,1,0
27,29,75,94960,2,6/50,1,94,0,0,0,1,1
35,29,31,95020,3,1/50,1,0,0,0,0,0,0
60,23,22,91107,1,1/67,3,138,0,0,0,0,1
62,17,74,92220,3,2/10,2,280,0,0,0,0,1
44,34,59,93561,4,5/20,2,0,1,0,0,0,0
23,1,12,93950,3,8/60,3,0,0,0,0,0,0
48,30,119,91604,3,1/00,1,0,0,0,0,1,1
29,4,49,94404,1,0/10,1,0,1,0,0,0,0
53,11,59,92694,2,1/50,3,0,1,0,0,0,1
25,16,22,93108,2,1/00,3,262,0,0,0,0,1
53,24,63,90250,3,1/30,1,286,0,0,0,0,0
30,33,75,94306,1,5/20,1,301,1,0,0,1,0
43,34,59,91941,3,1/50,2,0,0,0,1,1,1
50,19,218,90025,1,0/60,3,111,1,0,0,0,1
55,9,90,94002,1,0/60,2,309,0,0,0,0,0
59,33,18,95616,4,1/90,2,0,1,1,0,0,1
45,8,158,95929,4,1/10,2,0,0,0,0,0,0
35,31,90,94904,2,3/20,1,0,1,0,0,0,1
42,21,24,95192,1,0/50,3,0,0,0,0,0,0
58,5,134,92173,4,1/30,1,582,0,0,0,0,1
42,34,18,92037,4,1/30,3,0,0,0,1,1,1
55,24,102,95812,3,1/30,3,0,0,0,0,1,0
45,16,134,90275,3,1/00,2,0,0,0,0,0,1
62,33,102,92192,3,1/30,1,0,0,0,0,0,1
58,37,65,94539,1,1/30,3,0,0,0,0,0,0
46,18,198,90401,2,1/10,1,0,0,0,0,1,0
56,30,112,94112,1,0/50,3,0,0,0,0,0,1
25,26,128,94555,3,1/00,1,0,0,0,0,0,1
29,15,134,92717,1,1/10,1,0,0,0,0,0,0
43,14,134,95037,1,1/00,2,0,0,0,0,0,1
43,35,99,95037,1,0/50,3,541,0,0,0,1,1
37,30,134,95037,2,1/50,3,0,0,0,0,0,0
46,18,91,91311,3,1/90,3,81,0,0,0,1,1
59,26,41,90034,3,1/10,1,91,0,0,0,0,1
60,35,18,95136,4,1/10,2,0,0,0,0,0,1
33,28,31,92124,3,1/90,1,0,0,0,0,0,0
42,30,134,92115,4,1/90,2,0,0,0,0,0,1
57,14,24,92120,3,1/00,3,184,0,0,0,1,0
64,37,152,95051,3,2/10,1,0,0,0,0,0,1
46,17,70,90245,4,1/30,3,144,0,0,0,0,1
54,43,105,95051,3,1/00,3,0,0,0,0,0,0
58,20,131,91103,4,1/90,3,0,1,0,0,0,1
33,14,91,94611,3,1/00,3,0,0,0,0,0,0
24,43,41,95014,3,1/30,3,0,1,0,0,1,0
55,30,59,92064,2,1/00,2,0,0,0,0,0,0
64,-1,78,92024,4,1/50,3,99,0,0,0,0,1
37,19,55,91423,2,0/50,2,0,0,0,0,0,1
63,8,125,90277,1,2/10,1,383,0,0,1,1,0
62,38,130,94526,3,1/00,1,0,1,0,1,0,1
48,14,75,95037,1,4/00,3,0,0,0,0,1,1
45,12,28,90405,2,0/50,1,0,0,0,0,0,0
54,-3,14,94555,3,2/40,3,0,0,0,0,1,1
59,17,64,95035,1,3/60,1,154,0,0,0,1,0
52,25,75,96064,1,2/33,1,0,0,0,0,0,0
31,14,53,91109,1,0/50,1,0,0,0,0,0,0
60,36,110,94509,4,1/30,3,0,0,0,0,0,1
51,23,125,96064,4,0/50,3,0,0,0,0,0,1
58,28,73,95035,3,1/00,3,102,0,0,0,0,0
31,24,131,94803,2,1/10,2,287,0,0,0,1,1
43,3,138,93107,4,1/50,3,0,0,0,0,0,0
51,13,134,94618,2,2/10,3,0,1,1,0,0,1
34,23,63,91006,1,1/90,3,0,0,0,0,0,1
58,36,63,94539,4,3/80,3,0,1,0,0,0,1
58,29,205,94545,2,5/20,1,98,0,0,0,0,0
48,29,105,95133,2,2/90,1,0,1,0,0,0,0
63,5,92,93108,4,1/50,3,148,0,0,0,0,1
64,3,25,95131,3,1/10,2,0,0,0,0,0,1
37,23,68,94904,3,1/50,1,0,0,0,0,1,0
60,14,110,94305,4,1/67,1,0,0,0,0,0,0
52,5,93,92374,1,0/50,1,0,0,0,0,0,0
48,2,30,95054,4,2/10,1,124,0,0,0,0,1
35,13,75,94920,2,0/10,3,0,0,0,0,0,1
53,22,59,90095,1,0/10,3,0,1,0,0,0,1
62,14,24,90405,3,1/50,1,0,0,0,0,0,1
26,29,31,95616,3,1/00,2,0,0,0,0,0,0
38,34,31,95827,3,1/00,1,0,0,0,1,1,1
66,36,104,90740,1,1/50,1,0,0,0,0,0,1
43,19,79,91302,4,1/30,2,0,0,0,0,1,1
26,5,85,95037,2,1/50,1,0,0,0,0,0,0
57,34,60,94960,4,1/50,1,0,1,0,1,1,1
39,3,203,94143,4,1/10,3,91,0,0,0,0,1
29,39,31,94301,4,1/90,1,81,0,0,0,1,1
66,9,8,92407,4,2/40,2,0,0,0,0,0,1
24,34,113,91107,1,1/80,1,0,0,0,0,0,0
27,27,168,95405,3,1/00,3,397,0,0,0,0,1
64,14,53,95020,1,0/67,3,0,0,0,0,0,0
65,0,31,94801,3,1/00,1,0,1,0,0,1,1
58,20,134,96145,2,2/33,1,0,0,0,0,0,0
32,34,134,95123,4,1/30,3,186,0,0,0,0,1
32,14,75,93108,4,7/50,2,0,1,0,0,1,0
50,30,84,96145,4,1/50,3,0,0,0,0,1,1
59,13,89,91706,2,1/30,3,103,0,0,0,1,0
28,16,134,96003,4,0/50,1,0,0,0,0,0,0
35,33,59,91401,4,1/90,3,0,0,0,0,0,0
51,35,34,94928,3,1/00,3,0,0,0,0,0,1
35,31,135,95211,4,1/70,2,297,0,0,0,1,0
39,16,203,95825,1,1/50,1,0,0,0,0,0,1
53,5,72,95037,3,1/30,1,118,0,0,0,1,1
39,35,104,95670,4,0/50,1,582,0,0,0,0,0
55,23,28,91360,1,0/50,3,81,0,0,0,0,0
63,30,9,94105,2,8/00,2,0,1,0,0,1,1
50,5,155,90245,4,0/50,3,0,1,0,1,1,1
28,35,34,91302,3,1/50,1,0,0,0,1,1,0
36,30,41,95351,1,0/50,3,0,1,0,0,0,1
29,19,109,90250,1,1/50,3,0,0,0,0,0,0
62,26,82,96145,4,1/50,1,0,0,0,0,1,1
40,32,52,94608,2,5/20,3,0,0,0,0,0,0
57,30,59,95833,3,6/80,1,0,0,0,0,0,0
59,19,55,92507,1,0/50,1,215,0,0,0,0,0
33,30,60,93933,1,3/20,1,168,0,0,0,0,0
58,19,61,95020,4,2/33,1,0,0,0,0,0,0
45,30,59,95136,2,1/00,3,0,0,0,0,0,1
66,20,88,92694,1,1/50,1,0,0,0,0,0,1
33,26,18,95123,2,2/10,3,326,0,0,0,0,0
34,29,72,95616,4,1/30,3,0,0,0,0,0,0
28,-2,52,91304,1,3/20,3,327,0,0,0,0,0
67,28,131,92691,2,1/50,1,0,0,0,0,0,0
58,38,131,90059,4,0/60,3,148,0,0,0,0,1
44,20,131,92694,1,1/90,3,0,0,0,0,0,0
40,23,30,95616,3,1/00,3,0,0,0,0,0,1
25,34,112,92694,1,1/90,1,0,0,0,0,1,0
65,30,131,90025,3,1/50,1,94,0,0,0,1,0
43,3,125,92691,1,0/60,1,0,0,0,0,0,0
53,12,89,94551,1,2/10,3,0,0,0,0,0,0
47,16,134,94305,2,1/00,3,94,0,0,1,1,1
34,3,119,92694,2,3/30,2,122,0,0,0,0,1
52,24,59,94116,4,0/50,1,310,0,1,0,1,0
45,18,21,91006,4,1/80,3,381,0,0,0,1,1
29,6,93,90095,2,2/90,3,0,0,1,0,0,1
27,13,149,90058,4,1/90,3,79,0,0,0,1,0
58,-1,68,94402,4,1/10,2,0,0,0,0,0,1
52,13,105,94960,4,2/33,1,0,0,0,0,0,1
24,30,18,96003,3,1/50,3,0,0,0,0,0,0
55,30,42,92120,2,1/30,1,325,0,0,0,1,0
57,24,131,94539,4,2/10,3,0,0,0,0,0,1
53,4,134,94402,1,0/50,1,0,0,0,0,0,0
55,30,48,93907,3,1/00,2,0,0,0,0,0,1
24,3,128,90068,1,0/10,1,99,0,0,0,0,0
26,3,79,96064,4,1/50,1,0,0,0,0,0,1
29,34,59,92122,4,0/10,1,141,0,0,0,0,1
62,2,70,92064,3,1/30,3,0,1,0,0,1,1
34,10,75,95032,4,1/90,2,0,1,0,0,1,1
24,16,31,93023,4,0/50,1,144,0,0,0,0,1
33,28,59,91360,2,0/60,1,0,0,0,0,0,0
51,2,9,92333,1,3/20,1,0,0,0,0,1,0
37,20,59,92007,3,1/00,1,0,0,0,0,0,1
52,4,119,90032,1,3/20,1,144,1,0,0,0,0
53,-3,113,94521,3,1/00,2,0,1,0,0,1,0
38,19,121,90275,1,1/67,3,192,0,0,0,0,1
67,23,11,94085,4,3/60,3,0,0,0,0,0,1
37,32,79,90034,1,1/50,1,0,0,0,0,0,1
67,30,105,94591,3,1/00,3,137,0,0,0,1,0
41,19,105,91107,4,1/50,1,0,0,0,0,0,1
33,19,49,93014,2,0/50,3,415,0,0,0,0,1
24,21,155,91604,4,3/20,3,153,0,0,0,0,0
40,24,121,92691,3,1/10,2,419,0,0,0,0,1
63,29,14,92103,3,1/00,3,0,0,0,0,1,0
50,30,111,92780,4,1/50,3,0,0,0,0,0,1
26,43,105,95818,1,1/90,1,0,0,0,0,0,0
64,14,53,94720,3,1/30,1,0,0,0,0,0,0
61,18,171,94005,1,1/30,3,107,0,0,0,0,1
55,23,34,94115,4,1/30,1,0,0,0,0,0,1
35,16,105,90740,3,1/50,1,217,0,0,0,1,1
42,31,94,92064,4,0/10,1,0,1,0,0,1,1
62,41,91,90740,2,1/30,1,0,0,0,0,1,0
51,29,131,90024,1,0/50,1,177,0,0,0,0,0
34,5,59,95616,2,1/30,1,0,0,0,0,0,0
34,37,91,92008,3,1/50,1,0,0,0,0,1,0
59,32,119,96064,3,1/00,2,0,0,0,0,0,0
41,4,105,92056,4,0/10,2,0,0,0,0,0,1
52,0,152,94061,3,2/10,1,0,0,0,0,1,0
63,37,14,93943,4,2/33,1,0,0,0,0,0,0
28,18,59,95831,3,2/10,1,188,1,0,0,1,1
23,20,59,92173,3,1/50,1,0,0,0,1,0,0
44,25,52,95053,3,1/00,2,142,0,0,0,0,0
27,14,34,93943,4,2/33,3,0,0,0,0,0,1
60,-1,34,94402,1,2/90,1,158,0,0,0,0,0
57,29,12,95616,4,0/10,1,0,1,0,0,0,1
66,25,55,91302,3,1/50,3,0,0,0,0,0,0
56,22,144,95841,4,0/50,3,89,1,0,0,0,1
24,37,129,92694,1,6/20,2,0,1,0,0,0,1
41,23,99,95037,1,0/50,3,0,1,0,0,0,0
34,27,59,90024,1,1/50,3,0,0,0,0,0,0
35,-1,15,93101,3,2/90,1,127,1,0,0,0,0
43,30,105,95020,3,2/40,3,0,0,0,1,1,1
42,33,140,94923,1,1/30,3,142,0,0,0,0,1
52,42,45,91320,1,1/30,1,0,0,0,0,1,0
32,21,10,92867,4,0/50,3,305,0,0,0,0,1
59,19,9,95138,2,1/00,2,0,0,0,0,0,0
40,36,85,93555,4,2/10,3,0,0,0,0,0,1
29,40,42,92704,3,1/00,1,0,0,0,0,0,1
35,29,69,96003,4,1/30,2,0,0,0,0,0,0
45,16,79,95045,1,1/90,3,114,0,0,0,0,1
45,26,34,90277,1,3/20,1,0,0,0,0,0,0
30,2,18,93105,1,2/90,2,196,0,0,0,1,0
44,2,59,94590,4,2/33,1,0,0,0,0,0,0
61,30,11,94305,1,6/00,1,0,1,0,0,0,0
55,25,134,91745,1,0/60,3,0,0,0,0,0,1
64,26,131,94010,2,1/90,2,76,0,0,0,0,0
54,26,59,94545,2,1/90,3,159,0,0,0,0,0
26,23,15,90024,2,3/20,1,113,0,0,0,0,0
58,5,154,91741,1,3/20,1,0,1,0,0,0,1
33,24,13,95010,4,1/50,3,185,0,0,0,0,1
39,18,179,92037,4,1/50,1,0,0,0,0,0,0
43,-1,134,92093,1,0/67,3,127,0,0,0,0,1
31,37,105,94061,1,0/50,1,0,0,0,0,0,0
64,19,149,94115,3,0/50,1,0,0,0,0,0,1
48,36,200,94526,3,0/80,1,0,0,0,0,0,0
24,25,59,92694,1,1/10,2,134,0,0,0,0,0
56,14,59,94102,1,1/90,3,0,0,0,0,0,1
63,33,70,90066,2,0/50,1,0,0,0,0,0,0
43,19,153,92115,2,1/30,3,0,0,0,0,0,0
62,40,195,94709,3,2/10,1,111,0,0,0,1,0
39,14,110,95126,4,1/30,3,0,0,0,0,1,0
50,31,122,94115,2,0/50,1,0,0,0,0,0,0
34,13,131,93108,2,0/50,1,0,1,0,0,0,1
67,14,63,92634,1,0/10,3,500,0,0,0,0,1
29,8,39,93302,3,1/00,1,250,0,0,0,0,1
42,10,173,91711,4,1/30,1,184,1,0,0,1,1
66,9,171,92675,3,1/00,1,120,0,0,0,1,0
39,13,55,91763,1,1/10,1,0,0,0,0,0,1
50,24,20,92634,4,0/80,1,257,1,1,1,1,1
25,17,140,91604,3,1/00,2,123,0,0,0,0,0
29,30,75,95616,2,1/30,3,0,0,0,0,1,0
39,11,48,95351,1,2/10,3,211,0,0,0,0,0
36,17,92,95370,3,1/00,1,0,1,0,0,0,0
27,40,40,92806,4,2/10,2,218,0,0,0,0,1
42,-2,42,90066,4,1/10,1,353,1,0,0,0,1
25,29,145,91116,3,1/00,2,0,0,0,0,0,0
33,8,61,95037,1,0/10,1,0,0,0,0,0,0
43,18,135,94609,3,1/90,3,415,0,0,0,1,1
54,16,19,94086,1,1/50,1,0,1,0,0,0,1
30,39,51,90740,1,1/10,2,0,1,0,0,1,1
38,3,130,95037,1,2/33,1,0,0,0,0,0,1
43,23,78,95670,1,0/50,1,153,0,0,0,1,0
31,37,70,92870,1,1/50,1,0,0,0,0,1,1
44,17,38,91311,2,2/90,1,0,0,0,0,0,0
26,22,22,92507,2,8/00,1,88,0,0,1,1,1
36,5,45,91380,3,1/50,3,292,1,0,0,1,1
62,32,35,94085,1,1/10,3,154,0,0,0,0,1
57,14,75,92717,3,1/00,3,368,0,0,0,0,1
64,17,18,90840,2,1/30,3,455,0,0,0,0,0
49,14,119,92691,4,2/33,1,0,0,0,0,0,0
64,12,95,95833,4,0/50,1,0,1,0,1,1,1
31,30,25,90024,3,1/10,1,218,0,0,0,0,1
27,13,104,93023,2,3/20,2,0,0,0,0,0,0
40,33,34,94536,2,0/60,3,0,0,0,0,0,1
52,15,53,94005,2,0/50,2,0,0,0,0,0,0
46,39,153,94116,3,7/60,1,0,0,0,0,1,1
37,28,145,92691,4,0/50,2,0,0,0,0,0,1
24,19,111,92694,1,0/50,3,95,0,0,0,0,1
32,23,99,93117,3,1/00,1,0,0,0,0,0,1
66,23,180,92694,1,0/50,1,0,0,0,0,0,0
58,14,54,92507,4,3/20,2,0,0,0,0,0,1
35,32,189,90266,4,1/30,3,0,1,0,0,0,1
33,16,19,90058,4,1/10,3,0,1,0,1,0,1
41,3,70,92612,2,1/30,3,115,0,0,0,1,0
35,-1,81,94065,2,4/00,1,0,0,0,0,0,0
43,26,61,94583,2,2/40,2,112,0,0,0,0,1
55,17,131,93105,2,2/50,2,115,0,0,0,1,0
28,9,31,95616,2,1/50,1,0,0,0,0,0,1
57,17,120,95211,4,4/60,3,124,0,0,0,1,1
46,13,93,95136,4,1/90,2,0,0,0,0,0,1
36,0,195,94609,4,8/00,3,82,0,0,0,0,1
54,14,13,96064,2,1/30,3,0,0,0,0,1,0
39,17,131,95014,4,2/10,2,0,0,0,0,0,1
52,30,134,94960,2,3/20,3,0,0,0,0,0,1
64,4,43,94920,3,1/50,2,0,0,0,0,0,0
55,29,82,92705,1,0/50,1,406,0,0,0,0,1
64,22,88,90601,3,1/50,1,0,0,0,0,0,1
53,16,43,95136,4,1/50,3,116,0,0,0,0,0
40,26,41,95136,2,0/60,3,0,0,0,0,0,0
41,32,119,90024,1,0/50,1,0,0,0,0,0,0
58,3,105,91775,2,0/60,2,0,0,0,0,1,1
58,14,165,92634,1,2/40,3,0,0,0,1,0,1
26,19,154,91768,4,0/50,1,0,0,0,0,0,1
43,13,63,95020,2,1/30,3,0,1,0,0,1,0
41,21,134,91941,4,0/50,2,0,0,0,0,0,1
55,16,158,91304,3,1/30,1,102,0,0,0,1,1
29,28,130,92038,3,2/90,1,161,0,0,0,0,0
50,-1,59,94301,4,0/10,3,0,0,0,0,0,1
51,30,59,91741,4,2/10,3,0,1,0,0,0,1
40,24,59,95053,4,1/90,3,0,0,0,0,0,1
27,30,88,93014,1,1/90,2,0,0,0,0,0,0
53,8,84,92694,1,0/50,2,0,1,1,0,0,0
42,8,134,94112,3,1/00,3,0,0,0,0,1,1
56,33,40,90024,3,0/10,1,0,0,0,0,0,0
50,19,134,92694,1,1/90,2,0,0,0,0,0,0
24,27,180,91365,4,1/50,1,176,1,0,0,0,0
53,40,64,91355,4,2/50,1,0,0,0,0,0,0
39,19,135,94104,4,1/90,3,0,0,0,0,0,0
28,23,53,94555,4,0/50,1,0,0,0,0,0,0
64,3,53,92630,2,0/50,3,87,0,0,0,0,1
37,34,112,92694,1,0/50,1,0,0,0,0,0,1
61,30,55,94102,2,1/00,1,0,0,0,0,1,1
46,21,50,91330,4,1/50,3,0,0,0,0,0,0
37,14,112,96003,2,2/40,2,0,0,0,0,0,0
35,30,190,92521,2,1/00,3,0,0,0,0,0,1
54,8,19,95136,3,1/50,1,0,1,0,1,1,0
25,24,8,92373,4,1/50,3,0,0,0,0,0,1
39,16,169,94538,4,1/30,3,275,0,0,0,0,1
67,5,122,92806,2,1/00,3,245,0,0,0,1,0
42,29,24,90095,4,2/90,1,158,0,0,0,0,1
65,29,110,92694,1,1/50,1,221,0,0,0,0,1
37,19,153,92130,3,1/00,3,123,0,0,0,0,0
49,34,134,94110,4,0/60,2,137,0,0,0,1,1
44,34,25,94117,4,0/50,1,221,1,0,0,1,1
43,24,31,92612,4,1/90,1,0,0,0,0,0,1
29,14,24,90601,1,1/50,2,0,0,0,0,0,1
59,34,19,92103,3,1/00,1,0,0,0,0,0,0
35,30,44,94583,4,0/50,1,0,1,0,0,1,0
39,16,189,92691,2,1/10,3,138,0,0,0,0,0
33,24,119,94583,4,1/10,1,176,0,0,0,1,0
34,23,125,95032,4,1/50,1,0,0,0,0,0,1
54,30,98,91360,4,1/50,1,0,0,0,0,0,0
46,20,41,90717,3,1/00,1,0,0,0,0,1,1
57,14,131,95053,4,2/50,1,0,0,0,0,0,0
34,23,59,91765,4,0/50,1,0,0,0,0,0,1
34,18,31,92173,3,0/50,3,0,0,0,0,0,0
35,19,128,92115,2,1/30,3,0,0,0,0,0,0
60,34,69,94710,1,2/10,2,0,0,0,0,0,0
59,34,134,94801,4,1/50,1,0,0,0,0,0,1
35,14,119,90210,1,1/50,3,118,0,0,0,0,1
66,32,79,95827,2,1/50,3,0,1,0,0,0,0
64,23,80,94709,2,0/00,3,122,0,0,0,0,1
46,3,180,91360,3,1/00,2,0,0,0,0,1,0
65,28,13,92120,1,1/67,1,119,1,1,1,0,1
40,34,110,90601,2,1/00,1,0,0,0,0,0,0
42,19,119,94545,3,1/00,1,0,0,0,0,0,0
52,30,41,93023,4,0/80,3,0,0,0,0,0,1
28,15,59,94305,2,2/33,1,0,0,0,0,0,0
64,9,134,94087,2,1/00,1,299,1,0,1,0,1
50,-3,69,94002,3,2/10,3,82,0,0,0,0,0
56,20,31,94590,4,3/20,1,0,1,0,0,0,1
43,25,134,92694,4,2/10,1,0,1,0,0,0,1
46,2,34,92110,3,1/00,1,0,0,0,0,0,1
43,26,105,92606,4,0/50,2,109,0,0,0,0,1
30,19,108,95020,3,1/50,1,0,0,0,0,0,0
54,37,19,90024,4,0/50,3,0,1,0,0,0,1
52,30,134,92806,3,1/00,3,0,0,0,0,1,1
28,25,31,96003,1,0/50,1,0,0,0,0,0,0
37,17,174,95747,3,1/00,1,232,0,0,0,0,1
52,30,105,95014,3,3/60,1,0,0,0,0,0,1
50,14,119,95039,4,2/10,1,333,0,0,0,0,0
67,4,60,94024,4,0/50,3,0,1,0,0,0,1
44,5,85,93022,1,1/30,3,275,0,0,0,0,1
48,15,110,91355,4,2/90,3,177,1,0,0,0,1
31,17,180,91109,2,1/10,2,0,1,1,0,0,1
40,5,113,90064,3,1/00,2,0,0,0,0,0,0
57,3,108,93023,4,1/30,3,275,1,0,0,0,1
61,34,125,92182,4,2/33,1,242,0,0,0,0,0
27,19,125,94801,2,2/90,2,0,0,0,0,0,0
62,33,124,95051,4,2/90,1,116,0,0,1,1,1
41,32,95,90049,4,1/30,2,0,1,0,0,0,1
31,26,70,92399,4,2/90,1,342,0,0,0,0,1
60,41,70,90503,1,0/50,1,0,1,0,0,0,0
60,8,135,91763,4,0/60,2,0,0,0,0,0,0
40,39,155,90065,2,0/70,3,97,0,0,0,0,1
33,9,145,95037,2,2/90,3,0,0,0,0,0,0
52,19,75,94704,2,1/90,2,0,0,0,0,0,1
67,29,35,94309,1,2/10,3,415,0,0,0,0,0
31,8,119,91040,3,1/00,3,97,0,0,0,1,1
58,12,59,90245,4,1/30,1,0,1,0,0,1,0
42,34,104,91765,4,1/30,1,0,0,0,0,0,1
28,17,105,92780,4,1/50,1,0,0,0,0,0,0
24,25,134,95136,1,2/10,2,0,1,0,0,1,1
54,15,53,90095,1,1/90,2,0,0,0,0,1,1
63,29,19,91950,2,0/60,2,0,0,0,0,0,1
47,18,31,95135,1,1/50,1,0,0,0,0,1,0
29,30,105,92694,4,1/30,2,0,0,0,0,0,1
43,17,28,91006,4,0/50,1,0,0,0,0,0,1
58,20,18,93023,3,1/10,1,184,1,0,1,1,1
39,-2,173,94583,3,7/50,1,83,0,0,0,1,1
46,4,135,92123,4,0/50,1,0,1,0,0,1,1
33,12,119,95037,1,1/00,1,148,0,0,0,0,1
60,34,130,91040,4,3/20,2,0,0,0,0,0,1
61,-3,72,95819,1,4/20,3,0,0,0,0,0,0
25,9,78,95037,2,1/00,1,0,0,0,0,0,1
62,19,135,94803,4,1/90,1,161,0,0,0,0,0
32,21,181,94960,4,1/90,3,0,1,0,0,0,1
66,25,22,90277,2,1/30,3,0,0,0,0,0,0
57,28,75,94110,3,2/90,2,0,1,0,0,1,0
51,34,31,91360,2,1/30,2,194,0,0,0,1,1
30,33,105,93943,4,3/20,2,0,0,0,0,0,0
40,-1,38,92866,3,1/00,3,137,0,0,0,0,1
66,30,111,94606,3,1/50,2,0,0,0,1,1,1
26,34,84,92103,3,1/90,1,0,0,0,0,0,1
67,24,59,93023,2,1/50,1,0,0,0,0,0,0
51,35,113,94583,2,1/50,2,0,0,0,0,0,1
43,17,181,94588,1,0/10,3,431,0,1,1,1,1
43,25,80,94801,4,2/10,1,0,0,0,0,1,1
42,15,69,91360,1,2/90,3,0,1,0,0,0,0
59,30,59,95616,4,1/50,3,0,1,0,1,1,1
31,38,15,94112,1,4/00,3,102,0,0,0,0,0
63,3,108,95051,3,1/00,1,0,0,0,0,0,1
27,26,145,95037,2,2/33,2,0,0,0,0,0,0
64,14,204,92653,4,0/10,3,359,0,0,0,1,1
65,13,50,95037,2,1/30,1,301,0,0,0,0,0
25,34,119,92831,2,1/90,1,301,0,0,0,1,0
60,29,53,93943,1,2/10,1,0,1,0,0,0,0
27,32,158,95138,4,1/30,3,0,1,0,0,0,1
37,14,178,93023,1,0/10,1,0,0,0,0,0,1
27,25,31,92675,3,2/33,1,0,0,0,0,0,0
42,29,62,95037,1,2/40,3,0,0,0,0,0,0
67,24,112,92354,2,1/90,3,78,0,0,0,1,1
63,3,154,95825,4,0/50,3,215,0,0,0,0,0
42,32,34,92694,3,1/90,3,137,0,0,0,1,0
28,32,18,91342,4,1/70,2,0,1,0,0,0,0
64,10,110,92634,4,1/30,2,181,0,0,0,0,0
56,29,94,90095,4,1/90,2,0,0,0,0,0,0
43,30,114,95112,1,1/30,1,415,0,0,0,1,1
33,28,41,93108,2,0/50,1,0,0,0,0,0,0
64,39,91,95014,2,3/20,2,0,0,0,0,0,0
43,30,71,94583,1,6/30,1,91,0,0,0,0,1
56,14,104,94555,4,1/90,3,80,0,0,0,0,0
39,37,134,93105,3,1/90,1,0,0,0,0,0,0
56,6,69,91006,4,1/30,2,0,1,0,0,0,0
56,39,69,95929,3,0/50,2,0,0,0,1,1,0
43,25,152,91107,3,1/00,1,0,0,0,0,1,1
23,24,79,96003,1,1/50,1,0,0,0,0,1,1
45,30,119,92173,4,1/50,3,0,0,0,0,0,1
32,14,131,95818,2,1/30,1,0,0,0,0,0,0
53,6,72,95037,1,8/00,2,0,0,0,0,0,0
24,18,105,92691,3,1/00,1,0,0,0,0,0,0
35,22,62,92630,1,3/20,3,0,0,0,0,0,1
57,12,130,91304,4,2/90,1,0,0,0,0,0,1
33,13,38,95818,3,0/60,3,100,0,0,0,0,0
64,23,34,95616,4,1/10,3,196,0,0,0,0,0
55,26,60,95134,1,1/90,1,100,1,0,0,1,0
66,26,59,90024,3,1/00,1,0,0,0,0,0,0
46,14,34,95678,4,1/50,2,0,0,0,0,0,1
62,29,105,91101,4,2/90,1,0,0,0,0,0,1
66,24,59,95037,2,1/00,1,0,0,0,0,0,0
46,36,22,92093,1,1/30,3,277,0,0,0,0,1
41,8,133,95135,4,2/40,3,0,1,0,0,0,1
34,17,128,92647,2,1/90,1,100,0,0,0,1,1
47,17,22,90034,4,0/50,1,0,0,0,0,1,1
57,35,141,94609,3,1/50,1,0,0,0,0,1,0
51,40,142,90064,4,1/90,2,0,0,0,1,0,0
43,23,89,92694,4,1/30,1,0,0,0,0,0,1
52,26,179,96003,1,1/30,3,0,0,1,0,0,1
62,30,105,92115,2,1/30,1,0,0,0,0,0,0
43,28,93,90065,2,4/00,2,0,0,0,0,0,0
58,9,141,92606,2,1/50,3,0,0,0,0,1,1
57,10,24,91320,1,1/90,1,0,0,0,0,0,0
51,13,134,94066,1,2/33,1,246,0,0,0,0,0
30,29,59,92694,2,1/30,2,148,0,0,0,0,1
67,28,123,94545,4,4/00,3,0,0,0,0,0,1
45,19,72,91360,2,1/30,1,0,0,0,0,0,0
38,6,153,90028,4,2/10,3,0,0,0,0,0,1
58,11,161,92101,4,0/10,2,0,0,0,0,0,0
28,18,39,95037,1,1/50,1,0,0,0,0,0,1
32,3,62,96064,4,1/90,1,345,0,0,0,1,0
37,11,84,92831,4,4/00,3,0,1,0,0,0,1
57,25,180,95037,1,4/00,1,0,0,0,0,0,0
43,0,31,94305,4,2/10,3,0,1,0,0,0,1
49,30,128,91016,4,0/50,3,0,0,0,0,0,0
42,14,34,94803,2,1/00,3,0,0,0,0,1,0
44,24,103,92192,1,0/60,3,140,0,0,0,1,1
52,30,134,94555,3,1/10,2,0,0,0,0,0,1
55,28,178,91101,3,1/00,3,96,0,0,0,0,1
52,42,91,92672,2,1/50,1,205,1,0,0,0,0
46,19,119,92694,1,2/40,1,0,1,1,0,0,1
50,18,53,95014,3,1/00,2,100,0,0,0,1,1
48,10,108,90034,4,2/33,1,131,0,0,0,0,1
41,4,74,91711,4,1/90,2,0,0,0,0,0,0
30,8,53,92653,4,0/10,1,0,0,0,0,0,1
35,19,64,92115,4,2/10,2,0,0,0,0,0,1
24,42,82,95037,1,1/50,1,144,0,0,0,0,0
63,34,61,95037,2,1/00,1,0,0,0,0,0,0
43,32,168,96145,1,1/30,1,78,0,0,0,1,1
32,34,73,93108,4,2/90,1,0,1,0,0,0,1
38,8,122,94720,2,0/10,2,0,0,0,0,0,0
54,17,49,91109,2,1/00,1,85,0,0,0,0,0
32,39,94,95405,1,1/90,3,102,0,0,0,0,1
42,18,19,94116,4,1/50,1,0,0,0,0,0,1
62,20,31,94720,4,1/90,1,0,0,0,0,1,1
60,39,113,93023,4,2/33,1,0,0,0,0,0,1
65,14,98,91116,2,1/10,1,0,0,0,0,0,0
65,16,80,92694,1,1/50,3,0,0,0,0,0,1
46,30,59,90058,4,1/30,3,140,0,0,0,1,1
52,10,20,91741,2,3/60,1,0,0,0,0,0,0
41,37,104,93940,3,0/50,2,0,0,0,0,1,0
32,21,170,94801,2,1/10,3,0,0,0,1,0,1
35,41,99,92093,2,1/10,2,0,0,0,0,0,0
28,-2,34,92407,2,1/90,3,188,0,0,0,1,1
36,19,42,95762,3,1/50,1,0,1,0,0,1,0
54,15,25,92694,1,1/30,2,0,0,0,0,0,1
57,18,134,95136,2,0/50,1,394,0,0,0,0,0
58,43,59,90404,1,1/90,1,0,0,0,0,0,1
54,16,34,91360,4,1/30,3,0,1,0,0,1,0
64,17,108,91711,1,2/80,3,394,1,0,0,0,1
60,19,134,92630,2,0/50,3,0,0,0,0,0,0
51,19,31,94609,4,1/90,2,0,0,0,0,0,0
63,17,32,91605,4,0/60,3,0,1,0,1,1,0
30,33,35,94555,2,2/10,1,306,1,0,1,1,1
53,14,40,94583,1,2/30,3,0,0,0,0,0,1
48,19,121,92606,1,1/90,1,0,0,0,0,0,1
60,30,105,95616,1,3/20,2,0,0,0,0,0,0
64,34,119,95014,2,1/90,3,79,0,0,0,0,1
65,23,111,91775,1,0/50,1,0,0,0,0,0,0
32,34,12,92109,1,1/90,1,0,0,0,0,0,0
51,41,15,93943,3,0/60,1,0,0,0,0,1,1
61,14,9,92399,3,1/10,3,299,0,0,0,0,0
43,17,31,95037,2,4/00,3,171,0,0,0,0,1
54,9,128,94080,2,1/50,3,0,0,0,0,0,0
42,23,99,92694,4,1/90,3,0,0,0,0,0,1
43,5,54,92109,1,2/40,2,0,0,0,0,0,1
31,9,42,91355,1,1/50,1,0,0,0,0,0,0
44,24,125,91605,4,0/10,1,84,0,0,0,0,1
37,23,55,95037,2,1/50,1,352,0,0,0,0,1
67,26,31,94305,4,1/90,1,0,0,0,0,0,0
28,14,34,94539,2,1/30,2,0,0,0,0,0,1
33,30,34,95616,2,1/10,3,0,0,0,0,1,1
43,21,195,93907,4,1/90,1,0,0,0,0,0,0
29,17,141,92399,1,2/10,1,0,0,0,0,0,0
64,23,59,92093,4,1/50,3,119,0,0,0,0,0
56,13,24,94112,1,2/90,3,0,0,0,0,0,0
57,33,19,90024,4,0/50,3,0,1,0,0,0,1
44,37,75,90045,2,2/10,2,0,1,1,0,0,0
47,6,91,90059,3,8/00,1,218,0,0,0,1,0
59,28,75,92120,4,0/10,2,89,0,0,0,0,1
59,11,111,92103,4,1/90,3,353,0,0,0,1,1
44,8,64,95670,1,4/10,1,184,0,0,0,0,1
66,25,134,92161,4,1/50,3,0,0,0,0,0,0
30,18,20,94002,4,2/80,3,0,0,0,0,1,0
44,34,31,95037,2,7/50,3,0,0,0,1,1,1
30,19,20,96064,3,1/10,1,0,0,0,0,0,0
54,27,115,94115,2,1/50,3,0,0,0,0,0,0
25,23,160,96064,2,1/50,3,0,1,0,0,0,0
44,5,128,94801,2,2/10,2,0,0,0,0,0,1
30,28,75,91604,4,1/30,1,0,0,0,0,1,1
43,2,120,91040,3,1/50,3,415,0,0,0,0,0
43,34,59,92694,4,1/90,1,0,0,0,0,0,1
58,15,75,95136,2,1/00,2,0,0,0,0,1,1
27,30,111,95037,1,0/50,2,0,0,0,0,0,0
35,24,105,92152,2,1/90,1,0,0,0,0,0,0
52,28,192,94534,3,1/00,1,0,0,0,0,1,1
33,28,130,92694,4,1/50,1,0,0,0,0,0,1
62,30,135,96064,4,7/40,1,202,0,0,0,0,1
46,26,82,91768,1,2/33,1,148,0,0,0,1,0
41,29,131,91604,4,1/67,1,0,0,0,0,0,0
52,3,53,94550,4,1/30,3,185,0,0,0,0,1
43,41,14,95605,3,1/00,1,0,0,0,0,1,1
53,23,61,91116,3,1/30,1,0,0,0,0,1,0
56,25,34,92399,2,8/00,1,0,1,0,0,0,1
40,13,108,92008,4,4/00,2,0,1,0,0,0,1
61,19,69,92037,4,0/10,1,0,0,0,0,0,1
41,28,119,93106,3,1/50,1,0,0,0,0,1,0
28,29,131,94555,1,1/50,1,0,0,0,0,0,1
26,8,18,95037,2,1/00,1,0,0,0,0,1,1
30,3,99,95403,2,1/90,1,0,0,0,0,1,1
67,8,123,92130,2,1/50,3,0,0,0,0,1,1
35,34,129,94803,1,0/60,1,86,0,0,0,0,1
65,35,85,90623,3,1/00,1,162,0,0,0,1,1
40,5,31,94706,4,4/00,2,0,1,0,0,0,1
59,26,28,95126,2,1/50,1,0,0,0,0,0,1
26,20,134,94704,2,2/00,3,0,0,0,0,1,1
23,8,34,91768,2,1/00,1,90,0,0,0,1,1
42,3,53,95211,1,0/60,3,0,0,0,0,0,0
27,25,145,95037,1,1/50,1,0,0,0,0,0,1
57,20,98,96145,3,1/50,1,0,0,0,0,1,1
43,32,119,92691,3,1/00,1,0,0,0,0,0,0
39,30,8,92630,4,1/30,1,0,0,0,0,1,0
33,29,141,91304,4,2/90,3,110,0,0,0,0,0
60,37,68,90601,4,1/30,1,0,0,0,0,1,0
58,27,134,95138,1,1/30,2,0,1,0,0,1,1
35,27,24,92373,4,2/90,2,0,0,0,0,0,1
36,28,134,95816,2,1/90,1,0,0,0,0,0,0
42,32,125,92630,4,1/50,3,299,0,0,0,1,1
35,10,120,93105,4,0/50,3,0,0,0,0,0,1
53,42,12,90095,4,1/90,3,0,0,0,0,0,1
29,14,31,92126,3,0/60,3,82,0,0,0,1,0
29,27,72,93014,3,1/10,3,0,0,0,0,0,1
45,15,119,94534,1,0/10,1,179,0,1,0,0,1
65,16,140,91768,4,0/50,2,0,0,0,0,0,0
29,30,130,92038,4,1/50,1,0,1,0,0,0,1
24,20,25,92780,3,1/90,1,0,0,0,1,1,0
63,31,52,91007,3,2/10,3,0,0,0,0,0,0
39,18,75,95134,2,1/90,3,0,1,0,0,0,0
35,8,22,95136,1,0/50,2,146,0,0,0,0,1
36,28,59,92325,3,1/00,1,0,0,0,0,0,0
58,26,34,90024,2,2/33,1,76,1,0,0,0,1
42,16,134,95616,2,0/10,1,0,0,0,0,0,0
43,28,131,92646,1,2/10,2,0,0,0,0,1,1
23,14,31,96003,4,1/10,1,0,0,0,0,0,1
49,19,68,92831,2,1/50,1,0,0,0,0,0,0
41,29,205,95051,4,2/10,3,415,0,0,0,0,1
63,3,155,96091,1,3/30,2,90,0,0,0,0,0
54,32,155,94005,2,4/10,1,148,0,0,0,0,0
37,29,134,94109,2,0/50,3,0,0,0,0,0,1
41,24,134,94706,4,1/30,2,293,0,0,0,0,1
33,14,122,90058,3,1/50,1,0,0,0,0,0,1
56,21,75,92373,4,6/50,1,0,1,0,1,1,1
41,27,19,92093,2,1/10,1,0,1,0,0,0,0
33,19,31,95053,3,1/90,1,0,0,0,0,0,1
31,16,63,92646,3,1/50,1,0,0,0,0,1,0
61,14,179,92093,4,1/50,2,0,0,0,0,0,1
42,32,52,94112,2,0/50,2,0,0,0,0,1,0
28,19,19,92115,1,1/50,1,102,0,0,0,0,1
66,23,128,94709,3,1/30,3,0,0,0,0,0,1
29,30,59,95616,2,0/50,3,0,0,0,0,0,0
60,19,19,92399,4,1/50,3,0,0,0,0,0,0
57,41,125,92672,4,3/20,1,0,0,0,0,0,1
62,14,61,95422,1,1/30,3,204,0,0,0,0,1
27,15,68,94112,4,2/90,2,100,0,0,0,0,0
52,19,68,90027,2,2/10,3,0,0,0,0,1,0
31,33,79,92192,4,1/90,3,0,0,0,0,0,1
29,23,20,93010,3,6/00,1,0,0,0,0,0,1
40,30,24,95037,1,1/30,3,0,0,0,0,1,0
55,9,202,94109,1,1/90,1,100,0,0,0,0,1
61,8,182,95136,1,2/90,3,267,0,0,0,0,0
54,13,75,90027,4,1/50,1,186,0,0,0,0,1
31,22,24,92101,1,0/50,3,0,1,0,1,0,1
54,20,185,95616,1,4/00,1,0,0,0,0,0,1
48,12,8,94923,2,1/30,1,0,0,0,0,0,0
58,14,99,94583,3,1/00,1,0,0,0,0,0,0
49,41,31,90095,2,1/30,2,0,1,0,0,0,1
23,33,105,94025,2,1/30,3,0,0,0,0,0,1
34,30,52,90064,2,2/10,1,0,0,0,0,0,0
43,32,30,90019,4,1/90,2,0,0,0,0,0,0
51,33,50,96003,1,0/50,2,0,0,0,0,0,0
38,32,75,92507,4,2/90,3,0,1,0,0,0,1
63,27,75,90095,3,2/33,1,0,0,0,0,1,1
51,41,111,94305,3,1/50,3,0,0,0,0,0,1
60,14,71,94115,1,1/30,1,0,0,0,0,0,1
34,29,134,91706,1,1/30,1,92,0,0,0,0,1
62,34,89,93108,4,1/30,3,0,0,0,0,0,1
30,33,104,95126,2,1/50,3,176,0,0,0,0,1
60,28,93,95351,3,1/30,1,0,0,0,0,1,0
50,16,133,92121,2,2/10,2,154,0,0,0,0,1
